Abundant Life Victory Church,Bible Hill,NS,(902) 895-5433,http://alvc.org
ACACIAVILLE UNITED BAPTIST CHURCH,Digby,NS,,
ADVENT CHRISTIAN CHURCH,Clark's Harbour,NS,,
ADVENT CHRISTIAN CHURCH,Bear River,NS,,
ADVOCATE PASTORAL CHARGE,Advocate,NS,,
ADVOCATE UNITED BAPTIST CHURCH,Advocate Harbour,NS,,
AENON UNITED BAPTIST CHURCH,Chester Basin,NS,,
ALIVE CHRISTIAN CHURCH ASSOCIATION,Halifax,NS,902.443.4700,
All Saints Cathedral,Halifax,NS,902-423-6002,http://www.cathedralchurchofallsaints.com/
ALL SAINTS LUTHERAN CHURCH,Bridgewater,NS,,
ALTON UNITED BAPTIST CHURCH,Kentville,NS,,
AMHERST FIRST UNITED BAPTIST CHURCH,Amherst,NS,,
AMHERST OPEN BIBLE CHURCH,Amherst,NS,,
Anchor City Church,Bedford,NS,902-229-1283,http://www.anchorcitychurch.ca
Annapolis Basin Vineyard Christian Fellowship,Annapolis Royal,NS,(902) 245-4817,
ANNAPOLIS GRANVILLE PASTORAL CHARGE UNITED CHURCH OF CANADA,Annapolis Royal,NS,,
ANTIGONISH BAPTIST CHURCH (INDEPENDENT),Antigonish,NS,,
ANTIOCHIAN MARONITE CATHOLIC CHURCH OF THE ROMAN CATHOLIC EPISCOPAL CORPORATION OF HALIFAX,Halifax,NS,,
APPLE RIVER UNITED BAPTIST CHURCH,Parrsboro,NS,,
ARCADIA UNITED BAPTIST CHURCH,Yarmouth,NS,,
ARGYLE PUBNICO BAPTIST CHURCH,Yarmouth County,NS,,
ARLINGTON UNITED BAPTIST CHURCH,Centreville,NS,,
ASCENSION LUTHERAN CHURCH,Lunenburg Co,NS,,
ASHMORE BETHEL BAPTIST CHURCH,Weymouth,NS,,
ASSUMPTION PARISH ARICHAT,Arichat,NS,,
ATLANTIC BAPTIST FELLOWSHIP,Port Williams,NS,,
AVONPORT UNITED BAPTIST CHURCH,Avonport Kings County,NS,,
AYLESFORD PASTORAL CHARGE,Aylesford,NS,902-847-9504,http://www.aylesfordunited.com
Aylesford Pastoral Charge,Aylesford,NS,902-847-9504,http://www.aylesfordunited.com
AYLESFORD UNITED BAPTIST CHURCH,Aylesford Kings Co,NS,,
AYLESFORD UNITED CHURCH,Kingston,NS,,
Aylesford United Church of Canada,Aylesford,NS,902-847-9624,http://www.aylesfordunited.com
Baddeck Baptist Church,Baddeck,NS,(902) 295-1387,
BADDECK PASTORAL CHARGE,Baddeck,NS,,
BARNEY'S RIVER AND MARSHY HOPE PRESBYTERIAN CHURCH,Barney's River,NS,,
BARRINGTON TEMPLE UNITED BAPTIST CHURCH,Barrington,NS,,
BARSS CORNER UNITED BAPTIST CHURCH,New Germany,NS,,
BASIC Church,Dartmouth,NS,(902) 719-5419,http://www.basicchurch.ca
BASS RIVER UNITED BAPTIST CHURCH,Bass River,NS,,
BAXTER'S HARBOUR PENTECOSTAL HOLINESS CHURCH,Canning,NS,,
BAYERS ROAD UNITED BAPTIST CHURCH,Halifax,NS,,
BAYVIEW UNITED BAPTIST CHURCH,Yarmouth County,NS,,
BEACON UNITED CHURCH,Yarmouth,NS,,
BEAR RIVER EAST BAPTIST CHURCH,Bear River,NS,,
BEAR RIVER UNITED BAPTIST CHURCH,Bear River,NS,,
BEAVER RIVER UNITED BAPTIST CHURCH,Yarmouth,NS,,
Bedford Baptist Church,Bedford,NS,(902) 835-5966,http://bedfordbaptist.ca
BEDFORD UNITED BAPTIST CHURCH,Bedford,NS,,
BEECH HILL UNITED BAPTIST CHURCH,Lunenburg County,NS,,
Beechville Baptist Church,Beechville,NS,9028767942,http://beechvillebaptistchurch.ca/
BELMONT UNITED BAPTIST CHURCH,Belmont,NS,,
BERWICK UNITED BAPTIST CHURCH,Berwick,NS,,
BERWICK UNITED CHURCH,Berwick,NS,,
BETHANY GOSPEL CHAPEL,Dartmouth,NS,,
BETHANY MEMORIAL UNITED BAPTIST CHURCH,Kentville,NS,,
BETHANY UNITED CHURCH,New Glasgow,NS,,
BETHANY UNITED CHURCH,Halifax,NS,,
BETHEL BAPTIST CHURCH,Westville,NS,,
Bethel Community Church,South Lochaber,NS,902.783.2748,
Bethel Family Church,Glace Bay,NS,902.849.9551,
BETHEL PENTECOSTAL ASSEMBLY,Baccaro,NS,902.768.2198,
BETHEL PRESBYTERIAN CHURCH,Sydney,NS,,
BETHEL PRESBYTERIAN CHURCH,New Glasgow,NS,,
BETHEL PRESBYTERIAN CHURCH,Scotsburn,NS,,http://pccweb.ca/bethel
BETHEL PRESBYTERIAN CHURCH,Trenton Pictou Co,NS,,
BETHEL UNITED BAPTIST CHURCH,Dartmouth,NS,,
BIBLE BAPTIST CHURCH INDEPENDENT OF NEW GLASGOW,New Glasgow,NS,,
Bible Believer's Baptist Church,Digby,NS,902.247.5405,http://www.biblebelieversdigby.ca
BIBLE HILL ST. DAVID'S PASTORAL CHARGE,Truro,NS,,
BILLTOWN UNITED BAPTIST CHURCH,Cambridge Station,NS,,
BIRCH COVE UNITED BAPTIST CHURCH,Halifax,NS,,
BIRCH GROVE PASTORAL CHARGE,Birch Grove,NS,,
BIRCH GROVE VICTORIA PRESBYTERIAN CHURCH,Birch Grove,NS,,
BLACK RIVER UNITED BAPTIST CHURCH,Wolfville,NS,,
BLACK ROCK UNITED BAPTIST CHURCH,Berwick,NS,,
BLAIR PRESBYTERIAN CHURCH,Pictou County,NS,,
BOULARDERIE PASTORAL CHARGE,Big Bras D'or,NS,,
BOYLSTON UNITED BAPTIST CHURCH,Guysborough,NS,,
BRAZIL LAKE WESLEYAN CHURCH,South Ohio,NS,,
BRIDGETOWN UNITED BAPTIST CHURCH,Bridgetown,NS,,
BRIDGEVILLE UNITED CHURCH,Eureka,NS,,
Bridgewater Open Bible Church,Bridgewater,NS,(902) 543-3383,
BRIDGEWATER PASTORAL CHARGE,Bridgewater,NS,,
BROOKFIELD PASTORAL CHARGE,Brookfield,NS,,
BROOKFIELD UNITED BAPTIST CHURCH,Brookfield,NS,,
BROOKLYN PASTORAL CHARGE,Queens County,NS,,
BROOKLYN UNITED BAPTIST CHURCH,Brooklyn,NS,,
BROOKLYN UNITED BAPTIST CHURCH,Yarmouth County,NS,,
BRUNSWICK STREET UNITED CHURCH,Truro,NS,,
BRUNSWICK STREET UNITED CHURCH,Halifax,NS,,
BUCKFIELD UNITED BAPTIST CHURCH,Lunenburg,NS,,
BURLINGTON UNITED BAPTIST CHURCH,Berwick,NS,,
BURNS MEMORIAL PRESBYTERIAN CHURCH,Scotsburn,NS,,
CALEDONIA PASTORAL CHARGE,Caledonia Queens Co,NS,,
CALEDONIA UNITED BAPTIST CHURCH,Caledonia Queens Co,NS,,
CALVARY BAPTIST CHURCH,Weymouth,NS,,
CALVARY BAPTIST CHURCH INDEPENDENT,South Brookfield,NS,,
CALVARY FAITH CHURCH,Guysborough Co,NS,,
CALVARY FAITH CHURCH OF SONORA,Guys Co,NS,,
CALVARY LUTHERAN CHURCH,Bridgewater,NS,,
CALVARY PENTECOSTAL CHURCH,Truro,NS,902.893.2380,http://www.newdaynow.ca/
CALVARY PENTECOSTAL CHURCH,Oxford,NS,,
CALVARY TEMPLE,Mahone Bay,NS,(902) 624-8253,
CALVARY TEMPLE,New Glasgow,NS,,
CALVARY TEMPLE,Sandy Cove Digby Co,NS,,
Calvary Temple,Tiddville,NS,902.834.2791,
CALVARY UNITED BAPTIST CHURCH,Spryfield Halifax,NS,,
CALVIN PRESBYTERIAN CHURCH,Halifax,NS,,
CALVIN PRESBYTERIAN CHURCH,Sunnybrae,NS,,
CALVIN UNITED CHURCH,Porters Lake,NS,,
CAMBRIDGE BAPTIST CHURCH,Walton,NS,,
CAMBRIDGE UNITED BAPTIST CHURCH,Cambridge Station,NS,,
CANAAN UNITED BAPTIST CHURCH,Chester,NS,,
CANADIAN MARTYRS CHURCH,Halifax,NS,,
CANARD UNITED CHURCH,Centreville,NS,,
CANNING UNITED BAPTIST CHURCH,Canning Kings Co,NS,,
CANSO CHRISTIAN CENTER,Canso,NS,,
CANSO UNITED BAPTIST CHURCH,Canso,NS,,
CAPE BRETON CHRISTIAN FELLOWSHIP CHURCH,Sydney,NS,,
CAPE BRETON HARVEST COMMUNITY CHURCH,Sydney,NS,,
CARLETON UNITED BAPTIST CHURCH,Carleton,NS,,
CARMAN UNITED CHURCH,Sydney Mines,NS,,
CATHOLIC EPISCOPAL CORPORATION OF ANTIGONISH,Sydney,NS,,
Causeway Pentecostal Church,Port Hawkesbury,NS,902.625.2715,http://causewaychurch.weebly.com/
CENTRAL CHEBOGUE UNITED BAPTIST CHURCH,Yarmouth,NS,,
CENTRAL NOVA WESLEYAN CHURCH,Truro,NS,,
CENTRAL WOOD HARBOUR UNITED BAPTIST CHURCH,Lower Woods Harbour,NS,,
CENTRELEA UNITED BAPTIST CHURCH,Bridgetown,NS,,
CENTREVILLE UNITED BAPTIST CHURCH,Shelburne County,NS,,
CHALMERS UNITED CHURCH BRAS D'OR N S,Bras D'or,NS,,
CHALMERS UNITED CHURCH PASTORAL CHARGE,Dominion,NS,,
CHARLESTON UNITED BAPTIST CHURCH,Mill Village,NS,,
CHELSEA UNITED BAPTIST CHURCH,Lunenburg County,NS,,
CHESTER UNITED BAPTIST CHURCH,Chester,NS,902-275-3434,
CHRIST CHURCH,Granville Ferry,NS,,
CHRIST THE KING PARISH TRENTON,Trenton,NS,,http://www.aspu.ca
CHRIST'S LUTHERAN CHURCH CAMPERDOWN,Lunenburg County,NS,,
Christadelphians,Bedford,NS,9024040196,http://www.christadelphians.ns.ca
CHRISTIAN ASSEMBLY AT GREENLAND,Bear River,NS,,
CHRISTIAN COMMUNITY COUNCIL,Bridgetown,NS,,
CHRISTIAN FELLOWSHIP CHURCH,New Glasgow,NS,,
CHRISTIAN REFORMED CHURCH OF HALIFAX,Halifax,NS,,
CHRISTIANVIEW CHURCH,Halifax,NS,,
CHURCH OF CHRIST,Kentville,NS,,
CHURCH OF CHRIST (DISCIPLES),River John,NS,,
CHURCH OF CHRIST (DISCIPLES),Upper Rawdon,NS,,
CHURCH OF CHRIST MILL VILLAGE,Shubenacadie,NS,,
CHURCH OF CHRIST-TRURO NOVA SCOTIA,Truro,NS,,
CHURCH OF ST JAMES UNITED CHURCH,Dartmouth,NS,,
CHURCH OF ST PETER ST JOHN,New Harris,NS,,
CHURCH OF THE NAZARENE,Oxford,NS,,
CHURCH OF THE NAZARENE,Middleton,NS,,
CHURCH OF THE NAZARENE,Trenton,NS,,
CHURCH OF THE NAZARENE,Windsor,NS,,
CHURCH OF THE SHEPHERD,Beaver Bank,NS,,
CLARENCE UNITED BAPTIST CHURCH,Bridgetown,NS,,
"CLARK'S HARBOUR UNITED BAPTIST ""STONE"" CHURCH",Clarks Harbour,NS,,
CLEMENTSPORT UNITED BAPTIST CHURCH,Clementsport,NS,,
CLEMENTSVALE UNITED BAPTIST CHURCH,Annapolis Royal,NS,,
CLIFTON PASTORAL CHARGE,Truro,NS,,http://www.cliftonpastoralcharge.ca
CLYDE CARLETON PASTORAL CHARGE,Shelburne,NS,,
COBEQUID ROAD UNITED BAPTIST CHURCH,Lwr Sackville,NS,,
COLDBROOK BAPTIST CHURCH,Coldbrook,NS,,
COLDSTREAM PASTORAL CHARGE,Truro,NS,,
COLE HARBOUR WOODSIDE UNITED CHURCH,Dartmouth,NS,,
COMMUNAUTE CATHOLIQUE FRANCOPHONE D'HALIFAX-DARTMOUTH,Dartmouth,NS,,
COMMUNITY LIGHT HOUSE PENTECOSTAL HOLINESS CHURCH,Kentville,NS,,
CONQUERALL MILLS PRESBYTERIAN (ST MATTHEW'S),Bridgewater,NS,,
CORNERSTONE ASSEMBLY,Truro,NS,902 897 2833,http://cornerstoneassembly.ca/
Cornerstone Assembly,Bible Hill,NS,902.897.2833,
CORNERSTONE CHRISTIAN ASSEMBLY,Arcadia Yarmouth Co,NS,,
Cornerstone Wesleyan Church,Bedford,NS,(902) 832-2222,http://www.cornerstonewesleyan.ca
Cornwallis Street Baptist Church,Halifax,NS,902-429-5573,http://www.cornwallisstreetbaptist.ca
Corridor Community Church,Lantz,NS,902.883.8256,http://www.corridorcommunitychurch.com/
COUNTRY CALVARY BAPTIST CHURCH,Milford,NS,,
CROSSROADS BAPTIST CHURCH,Truro,NS,,
Crossroads Gospel Temple,Amherst,NS,902.667.1750,http://www.crossroadsns.ca/cgt/crossroads.html
CULLODEN BAPTIST CHURCH,Digby,NS,,
DARTMOUTH FIRST CHURCH OF THE NAZARENE,Dartmouth,NS,902-466-5822,http://htttp//www.dartmouthfirstchurch.ca
DARTMOUTH SEVENTH-DAY ADVENTIST CHURCH,Dartmouth,NS,,
DEBERT UNITED BAPTIST CHURCH,Debert,NS,,
Deep Water Church,Halifax,NS,902-880-4266,http://www.deepwaterchurch.com/
DIGBY NECK FIRST UNITED BAPTIST CHURCH,Digby,NS,,
DIGBY NECK SECOND UNITED BAPTIST CHURCH,Sandy Cove,NS,,
DIGBY PASTORAL CHARGE,Digby,NS,,
DIGBY SEVENTH-DAY ADVENTIST CHURCH,Granville Ferry,NS,,
Digby Wesleyan Church,Digby,NS,(902) 245-4634,http://www.digbywesleyan.com
DILIGENT RIVER UNITED BAPTIST CHURCH,Parrsboro,NS,,
DIOCESAN SYNOD OF NOVA SCOTIA AND PRINCE EDWARD ISLAND,Halifax,NS,,
DOCTOR'S COVE UNITED BAPTIST CHURCH,Barrington Passage,NS,,
DURHAM PRESBYTERIAN CHURCH,Pictou,NS,,
Eagles Landing Ministries,Eskasoni,NS,902.379.2132,
EAST FERRY UNITED BAPTIST CHURCH,Sandy Cove Digby County,NS,,
EASTERN GUYSBOROUGH PASTORAL CHARGE,Guysborough,NS,,
EASTERN PASSAGE UNITED BAPTIST CHURCH,Eastern Passage,NS,,
ECONOMY UNITED CHURCH OF CANADA,Economy Col Co,NS,,
EDGEWOOD UNITED CHURCH,Halifax,NS,,
ELLERSHOUSE UNITED CHURCH,Ellershouse,NS,,
ELMSDALE UNITED BAPTIST CHURCH,Enfield,NS,902-883-8443,http://elmsdalebaptistchurch.org
EMMANUEL BAPTIST CHURCH,Hammonds Plains,NS,,
EMMANUEL CONGREGATIONAL CHRISTIAN CHURCH OF CANADA,Middleton,NS,,
EMMANUEL FELLOWSHIP BAPTIST CHURCH,Digby,NS,,
Emmanuel Pentecostal Tabernacle,Middlewood,NS,902.543.8064,
EMMANUEL UNITED BAPTIST CHURCH,Lunenburg Co,NS,,
EPWORTH UNITED CHURCH,Glace Bay,NS,,
EVANGEL ASSEMBLY,Yarmouth,NS,902.742.2069,
Evangel Pentecostal Church,Dartmouth,NS,902.434.3351,
FAIRVIEW PASTORAL CHARGE,Halifax,NS,,
FAITH BAPTIST CHAPEL,Lunenburg,NS,,
FAITH BAPTIST CHURCH,Sydney,NS,(902) 270-3430,http://faithbaptistsydney.com
FAITH BAPTIST CHURCH,Great Village,NS,,
FAITH CHRISTIAN REFORMED CHURCH,Shubenacadie,NS,,
FAITH IN ACTION HOLINESS CHURCH,Hants Co,NS,,
Faith Lutheran Church (LCC),Dartmouth,NS,902-433-0757,http://www.faith-lutheran.ca/
FAITH MEMORIAL UNITED BAPTIST CHURCH,Yarmouth,NS,,
FAITH TABERNACLE,Halifax,NS,902.445.1523,http://www.faithhalifax.org/home
FAITH TABERNACLE UNITED PENTECOSTAL CHURCH OF BERWICK,Berwick,NS,,
FAITH UNITED BAPTIST CHURCH OF LOWER SACKVILLE,Lower Sackville,NS,,
FALL RIVER BAPTIST CHURCH,Fall River,NS,902 861-3694,
FALL RIVER COMMUNITY BIBLE CHAPEL,Wellington,NS,,
FALMOUTH UNITED BAPTIST CHURCH,Falmouth,NS,,
FENWICK UNITED CHURCH,Amherst,NS,,
FIRST BAPTIST CHURCH,Halifax,NS,,
FIRST CONGREGATIONAL CHURCH OF HALIFAX,Halifax,NS,9024235068,https://www.firstcong.ca/
FIRST CORNWALLIS UNITED BAPTIST CHURCH,Centreville,NS,,
FIRST DARTMOUTH UNITED BAPTIST CHURCH,Dartmouth,NS,,
FIRST PRESBYTERIAN CHURCH,New Glasgow,NS,,
FIRST PRESBYTERIAN CHURCH,Hopewell,NS,,
FIRST PRESBYTERIAN CHURCH,Stellarton,NS,,
FIRST PRESBYTERIAN CHURCH,Pictou,NS,,
FIRST RAGGED ISLAND UNITED BAPTIST CHURCH,Lockeport,NS,,
FIRST SACKVILLE PRESBYTERIAN CHURCH N S,Lwr-Sackville,NS,,
FIRST UNITED BAPTIST CHURCH,Fall River,NS,,
FIRST UNITED BAPTIST CHURCH,New Glasgow,NS,,
FIRST UNITED BAPTIST CHURCH,Truro,NS,,
FIRST UNITED CHURCH,Sydney,NS,,http://www.wondercafe.ca/churches/first-sydney
FIRST UNITED CHURCH,Trenton,NS,,
FIRST UNITED CHURCH,Truro,NS,,
FLORENCE-LITTLE BRAS D'OR PASTORAL CHARGE,Hillside Boularderie,NS,,
FORBES MEMORIAL PASTORAL CHARGE,Antigonish County,NS,,http://@yahoo.com
FORBES UNITED CHURCH,River Denys,NS,,
FOREST HILL UNITED BAPTIST CHURCH,Kings County,NS,,
FOREST HILLS FELLOWSHIP BAPTIST CHURCH,Dartmouth,NS,,
FORT MASSEY UNITED CHURCH,Halifax,NS,,
FOUNDATION UNITED BAPTIST CHURCH,Porters Lake,NS,,
FOURCHU UNITED CHURCH,Fourchu,NS,,
FOX POINT SEVENTH-DAY ADVENTIST CHURCH,Hubbards,NS,,
FRAMBOISE PRESBYTERIAN CHURCH,Stirling Richmond Co,NS,,
FREEPORT UNITED BAPTIST CHURCH,Freeport,NS,,
FRENCH RIVER PRESBYTERIAN CHURCH,Merigomish Pictou County,NS,,
FULL GOSPEL ASSEMBLY,Truro,NS,,
FULL GOSPEL CHURCH,Halifax,NS,,
FULL GOSPEL PENTECOSTAL ASSEMBLY OF ANTIGONISH,Antigonish,NS,902.863.2010,http://www.fullgospelantigonish.com
Full Gospel Tabernacle,Lequille,NS,902.532.0442,
FUNDAMENTAL BIBLE CHURCH,Pugwash,NS,,
GASPEREAU UNITED BAPTIST CHURCH,Wolfville,NS,,
GATEWAY COMMUNITY CHURCH,Lower Sackville,NS,,
GAY'S RIVER UNITED CHURCH,Shubenacadie,NS,,
GLACE BAY UNITED BAPTIST CHURCH,Glace Bay,NS,,
GLAD TIDINGS WORSHIP CENTER,Windsor,NS,,
GLAD TIDINGS WORSHIP CENTER,Windsor,NS,,
GOLDBORO UNITED BAPTIST CHURCH,Goldboro,NS,,
Good News Pentecostal Church in Canada,Dartmouth,NS,9024663639,http://www.kingdomfaithcanada.com
GOOD SHEPHERD CHURCH,Lawrencetown,NS,,
GORDON PROVIDENCE UNITED CHURCH,Bridgetown,NS,,
GORDON UNITED CHURCH,Reserve Mines,NS,,
GRACE BAPTIST CHURCH,Lake Fletcher,NS,,
Grace Baptist Church,Dartmouth,NS,902.434.3047,http://www.gbchalifax.org
Grace Chapel,Halifax,NS,902-445-2711,http://www.gracechapel.ca
Grace Covenant Church,Nova Scotia,NS,902.956-8303,http://www.graceunlimited.ca
GRACE FELLOWSHIP CHURCH (ASSOCIATE REFORMED PRESBYTERIAN),Sydney Mines,NS,,
GRACE INDEPENDENT BAPTIST CHURCH,Truro,NS,,
GRACE LUTHERAN CHURCH,Dartmouth,NS,,
GRACE LUTHERAN CHURCH,Lunenburg County,NS,,
GRACE UNITED CHURCH,Dartmouth,NS,,
GRACELIFE CHURCH OF PENTECOST,Bridgewater,NS,,
GRAFTON UNITED BAPTIST CHURCH,Waterville Kings County,NS,,
GREAT VILLAGE PASTORAL CHARGE,Great Village,NS,,
GREATER GLORY MINISTRIES INTERNATIONAL,Tema,NS,+233 243230498,http://www.greatergloryministriesinternational.com
GREENHILL-ALMA UNITED CHURCH,Westville,NS,,
GREENVILLE UNITED BAPTIST CHURCH,Yarmouth,NS,,
GREENWICH UNITED CHURCH,Wolfville,NS,,
GUYSBOROUGH ROAD UNITED BAPTIST CHURCH,Halifax,NS,,
GUYSBOROUGH UNITED BAPTIST CHURCH,Guysborough,NS,,
HABITATION BAPTIST CHURCH,Port Royal,NS,9025322874,
HADLEYVILLE UNITED CHURCH,Mulgrave,NS,,
HALIFAX & LUNENBURG PRESBYTERY,Dartmouth,NS,,
HALIFAX CHRISTIAN CHURCH,Halifax,NS,,
HALIFAX FRIENDS MEETING,Musquodoboit Harbour,NS,,
HALIFAX SEVENTH-DAY ADVENTIST CHURCH,Halifax,NS,,
Halifax-Metro Vineyard Christian Fellowship,Sackville,NS,(902) 864-4652,
HALL'S HARBOUR UNITED BAPTIST CHURCH,Centreville Kings Co,NS,,
HAMPTON UNITED BAPTIST CHURCH,Hampton,NS,,
HANTSPORT BAPTIST CHURCH,Hantsport,NS,,
HARBOUR LIGHT FULL GOSPEL CHURCH,Guysboro County,NS,,
Harbour Light Pentecostal Church,East Green Harbour,NS,902.656.3057,
HARDWOOD LANDS PRESBYTERIAN CHURCH,Hardwood Lands,NS,902-883-8704,http://pccweb.ca/elmsdale-hardwood-lands/
Hardwood Lands Presbyterian Church,Hardwood Lands,NS,902-883-8704,http://pccweb.ca/elmsdale-hardwood-lands/
HARMONY UNITED BAPTIST CHURCH,Kingston,NS,,
Havelock Wesleyan Church,Weymouth,NS,902-837-4796,http://www.havelockwesleyan.ca/
HEAD OF ST MARGARET'S BAY UNITED BAPTIST CHURCH,Hammonds Plains,NS,,
HEAD OFFICE MIDDLETON,Middleton,NS,,
HEARTZ MEMORIAL UNITED CHURCH,Weymouth,NS,,
HEBRON MEMORIAL UNITED BAPTIST CHURCH,Yarmouth,NS,,
HI-WAY PENTECOSTAL TABERNACLE,Truro,NS,,
Hi-Way Pentecostal Tabernacle,Parrsboro,NS,902.254.3444,
HIGGINSVILLE UNITED CHURCH,Higginsville Halifax Co.,NS,,
Highway Pentecostal Assembly,Liverpool,NS,902.354.3032,
HILLGROVE UNITED BAPTIST CHURCH,Digby,NS,,
HILLSBURN UNITED BAPTIST CHURCH,Hillsburn,NS,,
HILLSIDE WESLEYAN CHURCH,Cole Harbour,NS,,
HOLY CROSS CHURCH POMQUET,Pomquet,NS,,
HOLY CROSS PARISH,Plympton,NS,,
Holy Family Parish,Amherst,NS,902-667-2523,http://www.holyfamilyparishamherst.org/
HOLY FAMILY PARISH ESKASONI,New Victoria,NS,,
HOLY FAMILY PARISH GLACE BAY,Glace Bay,NS,,
HOLY GHOST CHURCH,Sydney,NS,,
HOLY GUARDIAN ANGEL PARISH L'ARDOISE,L'ardoise,NS,,
HOLY NAME PARISH WESTVILLE,Westville,NS,,
HOLY REDEEMER PARISH SYDNEY,Sydney,NS,,
HOLY ROSARY CHURCH SYDNEY,Sydney,NS,,
HOLY TRINITY CHURCH,Middleton,NS,,
HOLY TRINITY CHURCH PARISH OF TANGIER,Halifax County,NS,,
House of Intercessory Prayer Ministries,Halifax,NS,(902)482-7393,http://www.hipm.org
IMMACULATE CONCEPTION CHURCH,Truro,NS,,
IMMACULATE CONCEPTION PARISH,Dartmouth,NS,,
IMMACULATE CONCEPTION PARISH BRIDGEPORT,Dominion,NS,,
IMMACULATE CONCEPTION PARISH HEATHERTON,Heatherton,NS,,
IMMACULATE CONCEPTION PARISH MAIN-A-DIEU,Main-a-Dieu,NS,,
IMMACULATE CONCEPTION PARISH SYDNEY MINES,Sydney Mines,NS,,
IMMACULATE CONCEPTION PARISH WEST ARICHAT,West Arichat,NS,,
IMMACULATE HEART PARISH SYDNEY,Sydney,NS,,
IMMANUEL UNITED BAPTIST CHURCH,Truro,NS,,
INDEPENDENT BAPTIST CHURCH,Clark's Harbour,NS,,
INDIAN HARBOUR LAKE PENTECOSTAL CHURCH,Sherbrooke,NS,,
Indian Harbour Lake Pentecostal Church,Sherbrooke,NS,,
INDIAN HARBOUR UNITED BAPTIST CHURCH,Tantallon,NS,,
INGLEWOOD UNITED BAPTIST CHURCH,Bridgetown,NS,,
INGOMAR WESLEYAN CHURCH,Shelburne,NS,,
INGONISH UNITED CHURCH,Ingonish Beach,NS,,
IONA PRESBYTERIAN CHURCH,Dartmouth,NS,,
ISAAC'S HARBOUR UNITED BAPTIST CHURCH,Isaacs Harbour,NS,,
ISLAND GOSPEL TABERNACLE,Shell Co.,NS,,
Island Gospel Tabernacle,Clam Point,NS,902.745.2204,
JEDDORE UNITED BAPTIST CHURCH,Halifax,NS,,
JOHN CALVIN CHRISTIAN REFORMED CHURCH,Truro,NS,,
JORDAN FALLS UNITED BAPTIST CHURCH,Shelburne,NS,,
Kempt United Baptist,Kempt,NS,9025233035,
KEMPT UNITED BAPTIST CHURCH,Newport Hants County,NS,,
KEMPT UNITED BAPTIST CHURCH,Queens Co.,NS,,
KEMPTVILLE UNITED BAPTIST CHURCH,Kemptville Yarmouth Co,NS,,
KENLOCH PRESBYTERIAN CHURCH,Inverness,NS,,
KENNETCOOK-GORE PASTORAL CHARGE,Kennetcook,NS,,
Kentville Christian Reformed Church,Kentville,NS,(902) 678-6293,
KENTVILLE UNITED BAPTIST CHURCH,Kentville,NS,,
KINGSTON UNITED BAPTIST CHURCH,Kingston,NS,,
KINGSWAY ASSEMBLY,Kentville,NS,902.678.3455,
KIRK MEMORIAL UNITED CHURCH,New Glasgow,NS,,
Knox Presbyterian Church,Baddeck,NS,902-295-2935,
KNOX PRESBYTERIAN CHURCH,Halifax,NS,,
KNOX PRESBYTERIAN CHURCH,Tatamagouche,NS,,
KNOX PRESBYTERIAN CHURCH,New Glasgow,NS,,
KNOX UNITED CHURCH,Glace Bay,NS,,
KNOX UNITED CHURCH,Lower Sackville,NS,,
LAHAVE- NEW DUBLIN PASTORAL CHARGE,Pleasantville,NS,,
LAKE BROOK UNITED BAPTIST CHURCH,Annapolis Co,NS,,
LAKE ECHO FELLOWSHIP BAPTIST CHURCH,Minesville,NS,,
Lake Echo Fellowship Baptist Church,Mineville,NS,902-829-3030,http://www.lakeechobaptist.com
LAKE GEORGE UNITED BAPTIST CHURCH,Yarmouth County,NS,,
LANTZ UNITED CHURCH,Lantz,NS,,
LAWRENCETOWN UNITED BAPTIST CHURCH,Lawrencetown,NS,,
LifeBridge Community Church,Dartmouth,NS,902.446.4664,http://lifebridge.ca/
LifeSong Christian Assembly,Sackville,NS,902.865.2796,http://www.mylifesong.ca/
Light of Messiah - Nova Scotia,Lr Sackville,NS,(902) 252 6918,http://www.themessianiccentre.com
LIGHTHOUSE BAPTIST CHURCH,Yarmouth,NS,,
Lighthouse Of Cape Breton,Glace Bay,NS,902.371.3734,http://web.me.com/davidsawler/real/Lighthouse.html
LITCHFIELD UNITED BAPTIST CHURCH,Annapolis Co,NS,,
LITTLE HARBOUR PRESBYTERIAN CHURCH,New Glasgow,NS,,
LITTLE NARROWS PRESBYTERIAN CHURCH,Orangeville,NS,,
LITTLE RIVER UNITED BAPTIST CHURCH,Oxford Jet,NS,,
LITTLE TANCOOK UNITED BAPTIST CHURCH,Lunenburg Co,NS,,
Live Well Community Church,Digby County,NS,9028342791Main,
LIVERPOOL PASTORAL CHARGE,Liverpool,NS,,
LIVERPOOL UNITED BAPTIST CHURCH,Liverpool,NS,,
LOCHABER UNITED CHURCH,Antigonish,NS,,
LOCKEPORT BAPTIST CHURCH INDEPENDENT,Lockeport,NS,,
LOCKEPORT PASTORAL CHARGE,Lockeport,NS,,
Lockeport Pentecostal Church,Lockeport,NS,902.656.2560,
LOCKEPORT UNITED BAPTIST CHURCH,Lockeport,NS,,
LOCKHARTVILLE UNITED BAPTIST CHURCH,Wolfville,NS,,
LOUISBOURG PASTORAL CHARGE,Louisbourg,NS,,
LOWER FIVE ISLANDS UNITED CHURCH OF CANADA,Lower Five Islands,NS,,
LOWER GRANVILLE UNITED BAPTIST CHURCH,Annapolis Royal,NS,,
LOWER MUSQUODOBOIT PASTORAL CHARGE,Middle Musquodoboit,NS,,
LOWER ONSLOW UNITED CHURCH,Truro,NS,,
LOWER WOOD HARBOUR UNITED BAPTIST CHURCH,Shelb Co,NS,,
LUCASVILLE UNITED BAPTIST CHURCH,Lower Sackville,NS,,
LUNENBURG PASTORAL CHARGE,Lunenburg,NS,,
LUTHERAN CHURCH OF OUR SAVIOUR,Dartmouth,NS,,
Lutheran Church of the Resurrection,Halifax,NS,9024229224,http://users.eastlink.ca/~lutheranchurch/Index.html
LYONS BROOK UNITED CHURCH,Scotsburn,NS,,
MABOU HILLSBOROUGH UNITED CHURCH,Mabou,NS,,
MACCAN UNITED BAPTIST CHURCH,Maccan,NS,,
MACMILLAN MEMORIAL UNITED CHURCH,Albert Bridge,NS,,
MAHONE BAY UNITED BAPTIST CHURCH,Mahone Bay,NS,,
MAITLAND BRIDGE UNITED BAPTIST CHURCH,Caledonia Queens Co,NS,,
MAITLAND PASTORAL CHARGE,Maitland,NS,,
MALAGASH WALLACE PASTORAL CHARGE,Malagash,NS,,
MARGAREE PASTORAL CHARGE,Margaree Centre,NS,,
MARGAREE VALLEY BAPTIST CHURCH,Margaree Valley,NS,,
MARGARETVILLE UNITED CHURCH,Margaretville,NS,,
Marine Drive Pentecostal Church,Head of Jeddore,NS,902.889.3259,http://www.mdpc.be
MARITIME CONFERENCE OF THE PENTECOSTAL HOLINESS CHURCH,Summerville,NS,,
MARITIME DISTRICT CONFERENCE DISTRICT OFFICE,Truro,NS,,
MCCULLOCH UNITED CHURCH,Truro,NS,,
Melvern Square Fellowship Baptist Church,Kingston,NS,902-765-6361,http://fbcmelvernsq.com
MELVERN SQUARE UNITED BAPTIST CHURCH,Kingston,NS,,
MERIGOMISH UNITED CHURCH,Merigomish,NS,,
MIDDLE RIVER PRESBYTERIAN CHURCH,Westville,NS,,
MIDDLETON LOCAL CHURCH,Middleton,NS,,
MIDDLETON PASTORAL CHARGE,Middleton,NS,,
MIDDLETON UNION CHURCH,Tatamagouche,NS,,
MIDDLETON UNITED CHURCH,Middle Musquodoboit,NS,,
MILFORD UNITED CHURCH,Milford Station,NS,,
MILL COVE UNITED BAPTIST CHURCH AT BIRCHY HEAD,Halifax County,NS,,
Mill Village Church of Christ,Shubenacadie,NS,9027584252,http://shubie.ca/index.php/site/business_popup/Mill_Village_Church_of_Christ/?TB_iframe=true&height=400&width=350
Mill Village Church of Christ,Shubenacadie,NS,9027584252,http://shubie.ca/index.php/site/business_popup/Mill_Village_Church_of_Christ/?TB_iframe=true&height=400&width=350
MILLVALE UNITED BAPTIST CHURCH,Collingwood,NS,,
MILTON CHRISTIAN CHURCH (DISCIPLES OF CHRIST),Milton Queens Co,NS,,
MILTON UNITED BAPTIST CHURCH,Milton,NS,,
MISSION TO SEAMEN MARITIMES,Halifax,NS,,
MISSIONARY BIBLE CHURCH,Halifax,NS,,
Morden United Church,Aylesford,NS,,http://www.aylesfordunited.com
Morden United Church,Morden,NS,902-847-9504,http://www.aylesfordunited.com
MOSER RIVER INDEPENDENT BAPTIST CHURCH,Moser River,NS,902-347-2227,
MOUNT CARMEL PARISH NEW WATERFORD,New Waterford,NS,,
MOUNT DENSON UNITED BAPTIST CHURCH,Falmouth,NS,,
MOUNT HANLEY UNITED BAPTIST CHURCH,Middleton,NS,,
MOUNT OLIVET LUTHERAN CHURCH,Bridgewater,NS,,
MOUNT ZION DELIVERANCE CENTRE,Lakeside,NS,,
MT CALVARY LUTHERAN CHURCH,New Germany,NS,,
MULGRAVE PARK UNITED BAPTIST CHURCH,Halifax,NS,,
MUNROE AVENUE BAPTIST CHURCH,New Glasgow,NS,,
MUSQUODOBOIT HARBOUR PASTORAL CHARGE,Lake Charlotte,NS,,
MUSQUODOBOIT HARBOUR PRESBYTERIAN CHURCH,Musquodoboit Harbour,NS,,
NAPPAN UNITED CHURCH,Amherst,NS,,
NEW ANNAN UNITED BAPTIST CHURCH,Tatamagouche,NS,,
NEW CANADA UNITED BAPTIST CHURCH,Bridgewater,NS,,
New Covenant Ministries Church,Dartmouth,NS,9024689673,http://www.NewCovenantChurch.ca
NEW GERMANY PASTORAL CHARGE,New Germany,NS,,
NEW GLASGOW GOSPEL HALL,New Glasgow,NS,,
NEW GLASGOW PASTORAL CHARGE,New Glasgow,NS,,
New Glasgow Seventh-Day Adventist Church,New Glasgow,NS,,http://www.ngsda.ca/
NEW HARBOUR UNITED BAPTIST CHURCH,Guysborough Co.,NS,,
NEW HOPE COMMUNITY CHURCH,Western Shore,NS,902.627.2544,
NEW LIFE CHRISTIAN CENTRE,Halifax,NS,902.454.0368,
NEW LIFE CHRISTIAN CHURCH,Bridgewater,NS,902.543.3377,http://www.newlifens.com
NEW LIFE CHURCH,Yarmouth,NS,,
New Life Church,Yarmouth,NS,,
New Life Community Church,Hatchet Lake,NS,(902) 852-4456,http://nlcchurch.ca/
NEW MINAS PASTORAL CHARGE,New Minas,NS,,
NEW MINAS UNITED BAPTIST CHURCH,New Minas,NS,,
NEW TESTAMENT BAPTIST CHURCH,Clark's Harbour,NS,,
NEW TESTAMENT BAPTIST CHURCH CARLETON,Yarmouth County,NS,,
NEW TUSKET UNITED BAPTIST CHURCH,Digby County,NS,,
NEW WATERFORD PASTORAL CHARGE,New Waterford,NS,,
NEW WESTMINSTER UNITED CHURCH,Windsor,NS,,
NEWELLTON UNITED BAPTIST CHURCH,Barrington Passage,NS,,
NEWPORT PASTORAL CHARGE,Newport,NS,,
NEWPORT UNITED BAPTIST CHURCH,Newport,NS,,
NEWSOM UNITED CHURCH,Glace Bay,NS,,
NICTAUX UNITED BAPTIST CHURCH,Middleton,NS,,
NINE MILE RIVER UNITED CHURCH,Nine Mile River,NS,,
NOEL PASTORAL CHARGE,Maitland,NS,,
NORTH HIGHLANDS PASTORAL CHARGE,Ingonish,NS,,
NORTH RANGE UNITED BAPTIST CHURCH,Digby Co.,NS,,
North Shore  Christian Fellowship,Tatamagouche,NS,902-986-5385,https://tatamagouche.wordpress.com/
NORTH SYDNEY CALVARY UNITED BAPTIST CHURCH,Bras D'or,NS,,
NORTH SYDNEY SEVENTH-DAY ADVENTIST CHURCH,North Sydney,NS,,
NORTHBROOK BIBLE CHAPEL (INC ),Dartmouth,NS,,
NORTHSIDE INDEPENDENT BAPTIST CHURCH,Bras D'or,NS,,
NORTHUMBERLAND CONGREGATION OFTHE CHURCH OF GOD IN CHRIST MENNONITE TATAMAGOUCHE NOVA SCOTIA,Tatamagouche,NS,,
NORTHUMBERLAND PASTORAL CHARGE,Amherst,NS,,
NOTRE-DAME DE FATIMA PARISH,Yarmouth,NS,,
NOVA SCOTIA ADVENTIST CHRISTIAN CONFERENCE,Digby,NS,,
OAK PARK SEVENTH-DAY ADVENTIST CHURCH,Barrington,NS,,
ONE CHURCH,Halifax,NS,,http://www.onehalifax.com
ONSLOW-BELMONT PASTORAL CHARGE,Truro,NS,,
Open Bible Church of Musquodoboit Valley,Middle Musquodoboit,NS,(902) 384-3463,
Open Door Community Church,Halifax,NS,,http://www.opendoorhalifax.ca
ORANGEDALE OUTREACH PROGRAM,Orangedale,NS,,
ORANGEDALE PRESBYTERIAN CHURCH,Orangdale,NS,,
OUR LADY OF FATIMA PARISH SYDNEY RIVER,Sydney River,NS,,
OUR LADY OF LOURDES PARISH,Wedgepart,NS,,
OUR LADY OF LOURDES PARISH NORTH SYDNEY,New Glasgow,NS,,
OUR LADY OF MOUNT CARMEL PARISH,Shad Bay,NS,,
OUR LADY OF PERPETUAL HELP CHURCH,Halifax,NS,,
OUR LADY OF SORROWS PARISH NORTH SYDNEY,North Sydney,NS,,
OXFORD STREET UNITED CHURCH,Halifax,NS,,
OXFORD UNITED BAPTIST CHURCH,Oxford,NS,,
OXFORD-THOMSON PASTORAL CHARGE,Oxford,NS,,
PARADISE UNITED BAPTIST CHURCH,Paradise,NS,,http://www.facebook.com/ParadiseUBC/
"Parish of All Saints by the Sea, Canso",Canso,NS,902-366-2774,http://www.parishofallsaints.wordpress.com
PARISH OF ALL SAINTS CHURCH,Bedford,NS,,
PARISH OF AVON VALLEY,Windsor,NS,,
PARISH OF CLEMENTS,Clementsport,NS,,
PARISH OF EMMANUAL CHURCH,Dartmouth,NS,,
PARISH OF HOLY TRINITY CHURCH,Bridgewater,NS,,
PARISH OF MELFORD-GUYSBOROUGH,Mulgrave,NS,,
PARISH OF NEWPORT/WALTON,Newport,NS,,
PARISH OF OUR LADY OF FATIMA-CFB HALIFAX ( SHANNON PARK ),Halifax,NS,,
PARISH OF QUEEN OF HEAVEN CFB GREENWOOD,Greenwood,NS,,
PARISH OF ST GEORGE'S,Parrsboro,NS,,
PARISH OF ST GEORGE'S,New Glasgow,NS,,
PARISH OF ST LUKE'S CHURCH,Annapolis Royal,NS,,
PARISH OF ST LUKE'S CHURCH,Dartmouth,NS,902-434-7670,http://www.stlukesdartmouth.ca
PARISH OF ST MARGARET'S OF SCOTLAND CHURCH,Halifax,NS,,
PARISH OF ST MARY'S CHURCH,Glace Bay,NS,,
PARISH OF ST MICHAEL'S CHURCH,Mill Village Queens Co,NS,,
PARISH OF ST PAUL'S CHURCH,Scotch Village,NS,,
PARISH OF ST PETER'S CHURCH,Halifax,NS,,
PARISH OF ST PHILIP'S CHURCH,Halifax,NS,,
PARISH OF ST STEPHEN'S CHURCH,Chester Basin,NS,,
PARISH OF ST-BARNABAS CHURCH,New Chester,NS,,
PARISH OF ST-JAMES CHURCH,Bridgetown,NS,,
PARISH OF ST-JAMES CHURCH,Kentville,NS,,
PARISH OF ST-MATTHIAS CHURCH,Halifax,NS,,
PARISH OF ST-STEPHEN'S CHURCH,Yarmouth,NS,,
PARISH OF ST. GEORGE,Halifax,NS,,
PARISH OF ST. PAUL'S CHURCH,Terence Bay,NS,,
PARISH OF ST.JOHN'S CHURCH LUNENBURG,Lunenburg,NS,,
PARISH OF THE CHURCH OF THE HOLY SPIRIT,Mount Uniacke,NS,,
PARKER'S COVE UNITED BAPTIST CHURCH,Anna Co,NS,,
PARKHILL UNITED CHURCH,Halifax,NS,,
PAROISSE DE L'IMMACULEE CONCEPTION,Pubnico-Est,NS,,
PAROISSE DU SACRE COEUR,Saulnierville,NS,,
PAROISSE NOTRE DAME DU MONT CARMEL,Church Point,NS,,
PAROISSE SAINT ANNE,Ste-Anne-Du-Ruisseau,NS,,
PAROISSE SAINT BERNARD,Digby,NS,,
PAROISSE SAINT JOSEPH,Weymouth,NS,,
PAROISSE SAINT MICHEL,Wedgeport,NS,,
PAROISSE SAINT VINCENT DE PAUL,Salmon River Digby Co,NS,,
PAROISSE SAINT-PIERRE,Middle West Pubnico,NS,,
PAROISSE SAINTE MARIE,Church Point,NS,,
PAROISSE ST ALPHONSE,Meteghan,NS,,
PAROISSE ST PIERRE CHETICAMP,Cheticamp,NS,,
PAROISSE STE AGNES,Tusket,NS,,
PAROISSE STE FAMILLE,Tusket,NS,,
PAROISSE STELLA MARIS,Meteghan,NS,,
PARRSBORO UNITED BAPTIST CHURCH,Parrsboro,NS,,
PARRSBORO-PORT GREVILLE PASTORAL CHARGE,Parrsboro,NS,,
PEACE LUTHERAN CHURCH,Lower Sackville,NS,,
PENIEL UNITED CHURCH OF CANADA,Colchester County,NS,,
PENTECOSTAL HOLINESS CHURCH OF CANADA LOWER BURLINGTON,Hants County,NS,,
PEREAUX UNITED BAPTIST CHURCH,Canning Kings Co,NS,,
PETITE RIVIERE PASTORAL CHARGE,Mill Village,NS,,
PICTOU UNITED CHURCH,Pictou,NS,,
PIONEER PASTORAL CHARGE,Southampton,NS,,
PLEASANT LAKE UNITED BAPTIST CHURCH,Yarmouth,NS,,
PLEASANTVILLE BAPTIST CHURCH,Bridgewater,NS,,
PLYMPTON UNITED BAPTIST CHURCH,Barton,NS,,
POPE JOHN XXIII PARISH,Dartmouth,NS,,
PORT BICKERTON UNITED BAPTIST CHURCH,Bickerton West,NS,,
PORT CLYDE-PORT SAXON UNITED CHURCH,Port Clyde Shelburns County,NS,,
PORT GREVILLE UNITED BAPTIST CHURCH,Parrsboro,NS,,
PORT HAWKESBURY UNITED BAPTIST CHURCH,Port Hawkesbury,NS,,
PORT HILFORD UNITED BAPTIST CHURCH,Sherbrooke,NS,,
PORT HOWE GOSPEL HALL,Amherst,NS,,
PORT LA TOUR UNITED BAPTIST CHURCH,Barrington Shelburne Co,NS,,
PORT MEDWAY UNITED BAPTIST CHURCH,Queens County,NS,,
PORT MOUTON PASTORAL CHARGE,Queen's County,NS,,
PORT MOUTON UNITED BAPTIST CHURCH,Port Mouton,NS,,
PORT WALLIS UNITED CHURCH,Dartmouth,NS,,
PORT WILLIAMS UNITED BAPTIST CHURCH,Kings Co.,NS,,
PORTAUPIQUE UNITED CHURCH OF CANADA,Bass River Col Co,NS,,
PRESBYTERY OF PICTOU OF THE PRESBYTERIAN CHURCH IN CANADA,New Glasgow,NS,,
PUGWASH JUNCTION GOSPEL HALL,Wallace,NS,,
PUGWASH PASTORAL CHARGE UNITED CHURCH OF CANADA,Pugwash,NS,,
PUGWASH RIVER UNITED CHURCH,Pugwash,NS,,
PUGWASH SEVENTH-DAY ADVENTIST CHURCH,Pugwash,NS,,
PUGWASH UNITED BAPTIST CHURCH,Pugwash,NS,,
R C EPISCOPAL CORPORATION OF HALIFAX,Halifax,NS,,
RAWDON PASTORAL CHARGE,Upper Rawdon,NS,,
Real Life Community Church,Halifax,NS,9022295867,http://www.reallifechurch.ca
REGAL ROAD UNITED BAPTIST CHURCH,Dartmouth,NS,,
RIVER DENYS PRESBYTERIAN CHURCH,River Denys,NS,,
RIVER HEBERT UNITED BAPTIST CHURCH,River Hebert,NS,,
RIVER JOHN-WEST BRANCH PASTORAL CHARGE,River John,NS,,
RIVERSIDE UNITED CHURCH,Middle Mosquodoboit  Hfx C,NS,,
RIVERSIDE UNITED CHURCH BASS RIVER N S,Rr #1,NS,,
Rock Church,Lower Sackville,NS,902-864-3553,http://www.rockchurch.ca
Rock Church Halifax,Halifax,NS,(902) 864-3553,http://www.rockchurch.ca
ROCKINGHAM PASTORAL CHARGE,Halifax,NS,,http://www.rockinghamunited.org
ROSSWAY UNITED BAPTIST CHURCH,Digby,NS,902-245-8942,http://facebook 
SACKVILLE INDEPENDENT BAPTIST CHURCH,Lower Sackville,NS,902-864-3433,http://www.sackvilleindependentbaptist.org
SACKVILLE UNITED BAPTIST CHURCH,Sackville,NS,,
SACRED HEART CHURCH,Lakeside,NS,,
SACRED HEART PARISH BIG POND,Cape Breton,NS,,
SACRED HEART PARISH SYDNEY,Sydney,NS,,
SAINT AMBROSE CATHEDRAL PARISH,Yarmouth,NS,,
SAINT ANTONIOS ANTIOCHIAN CHRISTIAN ORTHODOX CHURCH,Halifax,NS,,
SAINT ELIZABETH SETON PARISH,Lower Sackville,NS,,
SAINT FRANCIS OF ASSISI,Wolfville,NS,,
SAINT VINCENT DE PAUL PARISH,Dartmouth,NS,,
SALEM PRESBYTERIAN CHURCH,Pictouco,NS,,
SALVATION ARMY AMHERST CORPS THE,Amherst,NS,,
SALVATION ARMY BRIDGETOWN COMMUNITY CHURCH THE,Bridgetown,NS,,
SALVATION ARMY BRIDGEWATER CORPS THE,Bridgewater,NS,,
SALVATION ARMY DARTMOUTH COMMUNITY CHURCH THE,Dartmouth,NS,,
SALVATION ARMY GLACE BAY CITADEL,Glace Bay,NS,,
SALVATION ARMY HALIFAX CITADEL COMMUNITY CHURCH THE,Halifax,NS,,
SALVATION ARMY KENTVILLE CORPS THE,Kentville,NS,,
SALVATION ARMY MARITIME DIVISIONAL HEADQUARTERS THE,Dartmouth,NS,,
SALVATION ARMY NEW WATERFORD CORPS THE,New Waterford,NS,,
SALVATION ARMY SPRINGHILL N S CORPS THE,Springhill,NS,,
SALVATION ARMY SPRYFIELD CORPS THE,Halifax,NS,,
SALVATION ARMY SYDNEY CITADEL THE,Sydney,NS,,
SALVATION ARMY SYDNEY MINES CORPS THE,Sydney Mines,NS,,
Salvation Army Truro Corps the,Truro,NS,,
SALVATION ARMY YARMOUTH CORPS THE,Yarmouth,NS,,
SANDFORD UNITED BAPTIST CHURCH,Yarmouth,NS,,
SCOTSBURN UNITED CHURCH,Pictou County,NS,,
SEABRIGHT UNITED BAPTIST CHURCH,Tantallon,NS,,
Seaside Community Baptist Church,Upper Tantallon,NS,902-826-7766,http://www.seasidecommunity.org
SECOND NEW GLASGOW UNITED BAPTIST CHURCH,New Glasgow,NS,,
SEDGEWICK MEMORIAL PRESBYTERIAN CHURCH,Tatamagouche,NS,,
SHAG HARBOUR UNITED BAPTIST CHURCH,Shelburne County,NS,,
SHARON PRESBYTERIAN CHURCH,Halifax County,NS,,
SHEET HARBOUR PASTORAL CHARGE,Sheet Harbour,NS,,
SHEFFIELD BAPTIST CHURCHHALIFAX,Halifax,NS,,
SHELBURNE PASTORAL CHARGE,Shelburne,NS,,
SHELBURNE UNITED BAPTIST CHURCH,Shelburne,NS,,
SHORELINE BIBLE CHURCH OF YARMOUTH NOVA SCOTIA,Yarmouth,NS,,
Shoreline Gathering Point,New Glasgow,NS,9029310077,http://shorelinegatheringpoint.blogspot.ca/
SHUBENACADIE PASTORAL CHARGE,Shubenacadie,NS,,
SMITH'S COVE UNITED BAPTIST CHURCH,Smith's Cove,NS,,
SonLife Community Church,Dartmouth,NS,902.404.7000,http://www.sonlife.org
SOUTH END UNITED BAPTIST CHURCH,Dartmouth,NS,,
SOUTH OHIO UNITED BAPTIST CHURCH,Yarmoutn Co,NS,,
SOUTH RANGE CHRISTIAN CHURCH,Barton Digby Co,NS,,
South Range Christian Church,South Range,NS,(902) 837-5003,http://www.southrangechristian.ca
SOUTH SHORE PRESBYTERY UNITED CHURCH OF CANADA,Brooklyn,NS,,
SOUTH SIDE UNITED BAPTIST CHURCH,Shelb Co,NS,,
SOUTHAMPTON UNITED BAPTIST CHURCH,Southampton,NS,,
SOUTHVILLE CHURCH OF CHRIST,Weymouth,NS,,
SOVEREIGN GRACE FELLOWSHIP,Antigonish,NS,,
SPRINGFIELD UNITED BAPTIST CHURCH,Springfield,NS,,
SPRINGHILL UNITED BAPTIST CHURCH,Springhill,NS,,
SPRINGVILLE PRESBYTERIAN CHURCH,Springville,NS,,
St �Mary's Ethiopian Orthodox Tewahedo Church,Halifax,NS,902-209-0243 ,
ST AGNES CHURCH,Halifax,NS,,
ST ALPHONSUS PARISH NEW VICTORIA,New Victoria,NS,,
ST ANDREW'S CHURCH,Eastern Passage,NS,,
ST ANDREW'S LUTHERAN CHURCH,Bridgewater,NS,,
ST ANDREW'S PARISH BOISDALE,Shenacadie,NS,,
ST ANDREW'S PARISH JUDIQUE,Judique,NS,,
ST ANDREW'S PARISH ST ANDREW'S,St. Andrew's,NS,,
ST ANDREW'S PRESBYTERIAN CHURCH,Whycocomagh,NS,,
ST ANDREW'S PRESBYTERIAN CHURCH,Tatamagouche,NS,,
ST ANDREW'S PRESBYTERIAN CHURCH,Pictou Co.,NS,,
ST ANDREW'S PRESBYTERIAN CHURCH,Pictou,NS,,
ST ANDREW'S PRESBYTERIAN CHURCH,Sydney Mines,NS,,
ST ANDREW'S PRESBYTERIAN CHURCH,Dartmouth,NS,,
ST ANDREW'S PRESBYTERIAN CHURCH,Lunenburg,NS,,
ST ANDREW'S UNITED CHURCH,Sydney,NS,,
ST ANDREW'S UNITED CHURCH,Truro,NS,,
ST ANDREW'S PRESBYTERIAN CHURCH,New Glasgow,NS,902-752-7316,
ST ANN'S PARISH GUYSBOROUGH,Guysborough,NS,,
ST ANN'S PARISH THORBURN,New Glasgcow,NS,,
ST ANN'S PASTORAL CHARGE,Englishtown,NS,,
ST ANNE'S PARISH GLACE BAY,Glace Bay,NS,,
ST ANSELM'S CHURCH,West Chezzetcook,NS,,
ST ANTHONY DANIEL SYDNEY,Sydney,NS,,
ST ANTHONY'S CHURCH,Halifax,NS,,
ST ANTHONY'S PARISH,Glace Bay,NS,,
ST ANTHONY'S PARISH,Berwick,NS,,
St Augustine RC Church,Chester,NS,(902) 857-9142,http://www.saintaugustinesparish.com
ST AUGUSTINE'S PARISH,Hubbards,NS,,
ST AUGUSTINE'S PARISH SYDNEY,Sydney,NS,,
ST BARRA PARISH CHRISTMAS ISLAND,Shenacadie,NS,,
ST BERNARD'S CHURCH,Enfield,NS,,
ST BRIDGET'S PARISH,Shubenacadie,NS,,
ST BRIGID'S CHURCH,Parrsboro,NS,,
ST CATHERINE'S CHURCH,Halifax,NS,,
ST CATHERINE'S CHURCH,Micmac,NS,,
ST CLEMENT'S CHURCH,Dartmouth,NS,,
ST COLUMBA PARISH IONA,Iona,NS,,
ST COLUMBA UNITED CHURCH,Hopewell,NS,,
ST DAVID'S PRESBYTERIAN CHURCH,Scotsburn,NS,,
ST DAVID'S PRESBYTERIAN CHURCH,Springhill,NS,,
ST DAVIDS UNITED CHURCH,Port Hastings,NS,,
ST DAVIDS UNITED CHURCHLAKE ECHO,Lake Echo,NS,,
ST DENIS CHURCH,Tangiers,NS,,
ST EUGENE'S PARISH DOMINION,Dominion,NS,,
ST FRANCIS DE SALES CHURCH CLEVELAND,Cleveland,NS,,
ST FRANCIS OF ASSISI PARISH,Mt Uniacke,NS,,
St Gabriel Ethiopian Orthodox Church,Halifax,NS,9028301879,
ST GENEVIEVE'S CHURCH,Head Chezzetcook,NS,,
ST GEORGE'S CHURCH,Falmouth,NS,,
ST GEORGE'S GREEK ORTHODOX CHURCH,Halifax,NS,,
ST GEORGE'S PARISH LAKEVALE,Antigonish,NS,,
ST GEORGE'S PRESBYTERIAN CHURCH,River John,NS,,
ST GILES PRESBYTERIAN CHURCH,North Sydney,NS,,
ST GREGORY'S PARISH,New Glasgow,NS,,
ST HYACINTH PARISH D'ESCOUSSE,Descousse Richmond Co,NS,,
ST IGNATIUS CHURCH,Bedford,NS,,
ST JAMES LUTHERAN CHURCH,New Germany,NS,,
ST JAMES PRESBYTERIAN CHURCH,Aspen,NS,,
ST JAMES PRESBYTERIAN CHURCH,Oxford,NS,,
ST JAMES PRESBYTERIAN CHURCH,Kennetcook,NS,,
ST JAMES PRESBYTERIAN CHURCH,Truro,NS,,
ST JAMES UNITED CHURCH,Williamswood,NS,,
ST JAMES UNITED CHURCH,Hatchet Lake,NS,,
ST JAMES UNITED CHURCH,Antigonish,NS,,
ST JAMES UNITED CHURCH UPPER MUSQUODOBOIT,Upper Musquodoboit,NS,,
ST JEROME'S CHURCH,Liverpool,NS,,
ST JOHN THE BAPTIST CHURCH,Halifax,NS,,
ST JOHN THE BAPTIST PARISH GLACE BAY,Glace Bay,NS,,
ST JOHN THE BAPTIST PARISH NEW GLASGOW,New Glasgow,NS,,http://www.aspu.ca
ST JOHN THE BAPTIST PARISH RIVER BOURGEOIS,River Bourgeois,NS,,
ST JOHN THE BAPTIST PARISH WHYCOCOMAGH,Whycocomagh,NS,,
ST JOHN THE EVANGELIST PARISH,Windsor,NS,,
ST JOHN VIANNEY CHURCH,Lower Sackville,NS,,
ST JOHN'S - ST PAUL'S PASTORAL CHARGE,Mount Uniacke,NS,,
ST JOHN'S ANGLICAN CHURCH WESTPHAL,Dartmouth,NS,,
ST JOHN'S BY THE SEA EVANGELICAL LUTHERAN CHURCH,Rose Bay,NS,,
ST JOHN'S CHURCH,Springhill,NS,,
ST JOHN'S EVANGELICAL LUTHERAN CHURCH,Blockhouse,NS,,
ST JOHN'S PASTORAL CHARGE,Judique,NS,,
ST JOHN'S PRESBYTERIAN CHURCH,Windsor,NS,,
ST JOHN'S PRESBYTERIAN CHURCH,Pugwash,NS,,
ST JOHN'S PRESBYTERIAN CHURCH,New Glasgow Pictou Co,NS,,
ST JOHN'S UNITED CHURCH,Port Morien,NS,,
ST JOHN'S UNITED CHURCH,Strathlorne Inverness Co,NS,,
ST JOHN'S UNITED CHURCH,Halifax,NS,,
ST JOHNS UNITED CHURCH,Sherbrooke,NS,,
ST JOSEPH'S CHURCH,Halifax,NS,(902) 455-5444,
ST JOSEPH'S CHURCH,Bridgewater,NS,,
ST JOSEPH'S CHURCH PETIT DE GRAT,Richmond County,NS,,
ST JOSEPH'S PARISH,Kentville,NS,,
ST JOSEPH'S PARISH BRAS D'OR,Bras D'or,NS,,
ST JOSEPH'S PARISH DINGWALL,Dingwall,NS,,
ST JOSEPH'S PARISH GRAND ETANG,Cheticamp,NS,,
ST JOSEPH'S PARISH NEW VICTORIA,New Victoria,NS,,
ST JOSEPH'S PARISH NORTH SYDNEY,North Sydney,NS,,
ST JOSEPH'S PARISH PORT FELIX,Larry's River,NS,,
ST JOSEPH'S PARISH PORT HAWKESBURY,Port Hawkesbury,NS,,
ST JOSEPH'S PARISH RESERVE MINES,New Victoria,NS,,
ST JOSEPH'S PARISH SAINT JOSEPH,Lochaber,NS,,
ST JOSEPH'S PARISH SOUTHWEST MARGAREE,South West Margaree,NS,,
ST JOSEPH'S PARISH SYDNEY,Sydney,NS,,
ST LAWRENCE CHURCH,Halifax,NS,,
ST LAWRENCE PARISH MULGRAVE,Mulgrave,NS,,
ST LEO'S PARISH GLACE BAY,Glace Bay,NS,,
ST LOUIS PARISH LOUISDALE,Louisdale,NS,,
ST LOUIS' PARISH,Annapolis Royal,NS,,
ST LUKE'S EVANGELICAL LUTHERAN CHURCH,Bridgewater Lun Co,NS,,
ST LUKE'S LUTHERAN CHURCH,Bridgewater Lun Co,NS,,
ST LUKE'S PRESBYTERIAN CHURCH,Brookland,NS,,
ST LUKES UNITED CHURCH,Saltsprings Pictou Co,NS,,
ST MARGARET'S CHURCH,Halifax,NS,,
ST MARGARET'S PARISH ANTIGONISH,Antigonish,NS,,
ST MARGARET'S PARISH BROAD COVE,Broad Cove Inverness County,NS,,
ST MARGARET'S PARISH CLEVELAND,Cleveland,NS,,
ST MARGARET'S PARISH GRAND MIRA NS,Marion Bridge,NS,,
ST MARK S UNITED CHURCH,Port Hawkesbury,NS,,
ST MARK'S ANGLICAN CHURCH PARISH OF ST-MARTINS,Western Shore,NS,,
ST MARKS LUTHERAN CHURCH,Mahone Bay,NS,,
ST MARY OF THE ANGELS PARISH CLEVELAND,Cleveland,NS,,
ST MARY S BASILICA,Halifax,NS,,
ST MARY'S BAY UNITED BAPTIST CHURCH,Barton Digby Co,NS,,
ST MARY'S PARISH,East Bay,NS,,
ST MARY'S PARISH BIG POND,Big Pond,NS,,
ST MARY'S PARISH MABOU,Mabou,NS,,
ST MARY'S PARISH NORTH SYDNEY,North Sydney,NS,,
ST MARY'S PARISH PORT MORIEN,Port Morien,NS,,
ST MARY'S PARISH SYDNEY,Sydney,NS,,
ST MATTHEW WESLEY UNITED CHURCH,North Sydney,NS,,
ST MATTHEW'S PRESBYTERIAN CHURCH,Elmsdale Hants Co,NS,902-883-8704,http://pccweb.ca/elmsdale-hardwood-lands/
ST MATTHEW'S PRESBYTERIAN CHURCH,Lunenburg County,NS,,
ST MATTHEW'S UNITED CHURCH,Halifax,NS,,
ST MATTHEW'S UNITED CHURCH,Inverness,NS,,
ST MATTHEW'S UNITED CHURCH,Clyde River,NS,,
ST MATTHEWS LUTHERAN CHURCH,Lunenburg County,NS,,
ST MATTHEWS LUTHERAN CONGREGATION,Rose Bay,NS,,
ST MATTHEWS PRESBYTERIAN CHURCH,Wallace,NS,,
ST MATTHEWS UNITED CHURCH,Marble Mountain,NS,,
ST MICHAEL'S CHURCH,Halifax,NS,,
ST MICHAEL'S PARISH,Margaree,NS,,
ST MICHAEL'S PARISH BADDECK,Baddeck,NS,,
ST MICHAEL'S PARISH NEW WATERFORD,River Ryan,NS,,
ST MONICA'S PARISH,Middleton,NS,,
ST NICHOLAS PARISH SYDNEY,Sydney,NS,,
ST NINIAN'S PARISH ANTIGONISH,Antigonish,NS,,
ST PARTICK'S PARISH LOCHABER,Antigonish,NS,,
ST PATRICK'S PARISH,Digby,NS,,
ST PATRICK'S CHURCH,Halifax,NS,902-429-1300,http://www.stpatricks.halifax.ns.ca
ST PAUL'S CHURCH,Dartmouth,NS,,
ST PAUL'S CHURCH,Herring Cove,NS,,
ST PAUL'S CHURCH,River Hebert,NS,,
ST PAUL'S CHURCH,Halifax,NS,,
ST PAUL'S LUTHERAN CHURCH,Bridgewater,NS,,
ST PAUL'S PRESBYTERIAN CHURCH,Glace Bay,NS,,
ST PAUL'S PRESBYTERIAN CHURCH,Eureka,NS,,
ST PAUL'S PRESBYTERIAN CHURCH,Merisomish,NS,,
ST PAUL'S PRESBYTERIAN CHURCH,Truro,NS,,
ST PAUL'S UNITED CHURCH,Spryfield,NS,,
ST PAULS LUTHERAN CHURCH,Springfield,NS,,
ST PAULS UNITED CHURCH,Lunenburg,NS,,
ST PAULS UNITED CHURCH,Shelburne,NS,,
ST PETER'S CHURCH,Dartmouth,NS,,
ST PETER'S CHURCH,Halifax,NS,,
ST PETER'S CHURCH,Sheet Harbour,NS,,
ST PETER'S GRAND RIVER-LOCH LOMOND PASTORAL CHARGE,St. Peter's,NS,,
ST PETER'S LUTHERAN CHURCH,Chester,NS,,
ST PETER'S PARISH,Guysborough County,NS,,
ST PETER'S PARISH MONASTERY,Monastery Tracadie,NS,,
ST PETER'S PARISH ST PETERS,St. Peters,NS,,
ST PETERS,Ingonish Beach,NS,,
ST PHILIP'S AFRICAN ORTHODOX CHURCH,Sydney,NS,,
ST PHILIP'S PARISH,Musquodoboit Harbour,NS,,
ST PIUS X CHURCH,Halifax,NS,,
ST PIUS X PARISH SYDNEY MINES,Sydney Mines,NS,,
ST ROSE OF LIMA CHURCH,Fall River,NS,,
ST STEPHEN'S CHURCH,Halifax,NS,,
ST STEPHEN'S EVANGELICAL LUTHERAN CHURCH,Blockhouse,NS,,
ST STEPHEN'S PARISH FLORENCE,Florence,NS,,
ST THERESA PARISH SYDNEY,Sydney,NS,,
ST THERESA'S CHURCH,Halifax,NS,,
ST THOMAS AQUINAS CHURCH,Halifax,NS,,
ST THOMAS AQUINAS CHURCH,Joggins,NS,,
ST THOMAS MORE CHURCH,Dartmouth,NS,,
ST THOMAS MORE CHURCH,Pugwash,NS,,
ST THOMAS UNITED BAPTIST CHURCH,Dartmouth,NS,,
ST THOMAS' PARISH,Shelburne,NS,,
ST-ANDREW'S CHURCH,Brooklyn Queens County,NS,,
ST-THOMAS ANGLICAN CHURCH FALL RIVER,Fall River,NS,9028600092,
ST. AGNES PARISH NEW WATERFORD,New Waterford,NS,,
St. Andrew's-Wesley United Church (SouthSpring Pastoral Charge),Springhill,NS,,http://www.trinityzone.org/standrewswesley
St. Gibreale Ethiopian Ortodox Church,Halifax,NS,902-8301879,
St. Gregory's Roman Catholic Church,Liverpool,NS,902-354-2777,
ST. JAMES AND KNOX PRESBYTERIAN CHURCHES,Millville,NS,,
ST. JOHN'S ANGLICAN CHURCH PARISH OF HORTON,Wolfville,NS,,
ST. PAUL'S PARISH,Havre Boucher,NS,,
St.Vladimir Orthodox Church,Halifax,NS,982-3759,http://halifaxorthodox.org
Stairs Memorial United ,Dartmouth,NS,902 466 4389,http://www.stairsmemorial.ca
STAIRS MEMORIAL UNITED CHURCH,Dartmouth,NS,,
STAR OF THE SEA PARISH,Terence Bay,NS,,
STAR OF THE SEA PARISH CANSO,Canso,NS,,http://www.cansoparishes.org
STELLA MARIS PARISH CREIGNISH,Creignish,NS,,
STELLA MARIS PARISH INVERNESS,Inverness,NS,,
STELLA MARIS PARISH LOUISBOURG,Louisbourg,NS,,
STELLA MARIS PARISH PICTOU,Pictou,NS,,
STELLARTON PASTORAL CHARGE,Stellarton,NS,,
STEVENS ROAD UNITED BAPTIST CHURCH,Dartmouth,NS,902-435-1456,http://www.stevensroadbaptist.ca
STEWIACKE UNITED BAPTIST CHURCH,Colchester,NS,,
STEWIACKE VALLEY BAPTIST CHURCH,Upper Stewiacke,NS,,
STONEY ISLAND UNITED BAPTIST CHURCH,Shelburne County,NS,,
STORMONT UNION CHURCH,Country Harbour,NS,,
SUMMERVILLE CHRISTIAN CHURCH,Port Mouton Queens Co,NS,,
SUNNY BRAE UNITED CHURCH,Sunny Brae Pictou Co,NS,,
SUNRISE BAPTIST CHURCH,Tatamagouche,NS,,
SUTHERLAND'S RIVER PRESBYTERIAN CHURCH,Thorburn   Pictou Co,NS,,
Sydney Pentecostal Church,Sydney,NS,902.562.0700,
SYDNEY RIVER PASTORAL CHARGE,Sydney,NS,,
Tancook Pentecostal Church,Tancook Island,NS,,
TANCOOK UNITED BAPTIST CHURCH,Tancook Island,NS,,
TANTALLON SEVENTH-DAY ADVENTIST CHURCH,Tantallon,NS,,
TATAMAGOUCHE PASTORAL CHARGE,Tatamagouche,NS,,
TEMPLE BAPTIST CHURCH,Lower Sackville,NS,,
THE BEAR POINT ADVENT CHRISTIAN CHURCH,Shelburne Co,NS,,
THE CHURCH OF ST-JOHN THE EVANGELIST,Brooklyn,NS,,
THE FREE BAPTIST CHURCH OF RAYNARDTON,Tusket Yarmouth Co,NS,,
The Grove,Halifax,NS,9028174503,http://www.grovehalifax.com
The Life Center,New Glasgow,NS,902.752.1827,
The Peoples Church,Truro,NS,(902) 893-9312,
THE POLISH APOSTOLATE,Dartmouth,NS,,
THE PRESBYTERIAN CHURCH OF ST DAVID,Halifax,NS,,
THE RECTOR WARDENS AND VESTRY OF THE PARISH OF HOLY TRINITY,Yarmouth,NS,,
"THE REDEEMED CHRISTIAN CHURCH OF GOD,DOMINION SANCTUARY",Dartmouth,NS,9022220718,http://www.dominionsanctuary.ca/
THE RIVER HARVEST FELLOWSHIP,Halifax,NS,,
THE SALEM TATAMAGOUCHE MOUNTAIN UNITED CHURCH,Tatamagouche,NS,,
THE SALVATION ARMY FAIRVIEW CITADEL,Halifax,NS,,
THE SALVATION ARMY FAMILY SERVICES,Halifax,NS,,
THE SALVATION ARMY LIVERPOOL COMMUNITY CHURCH,Liverpool,NS,902-354-4000,
THE SALVATION ARMY SACKVILLE CORPS.,Lower Sackville,NS,,
THE SALVATION ARMY WESTVILLE CORPS,Westville,NS,,
THE TRUSTEES OF ST MARK'S EVANGELICAL LUTHERAN CHURCH AT MIDDLE LA HAVE,Middle La Have,NS,,
THE UNITED CHURCH CONGREGATION OF THE ARDOISE UNION CHURCH,Newport,NS,,
THE UNITED MISSION,Sydney,NS,,
THIRD HORTON UNITED BAPTIST CHURCH,New Minas,NS,,
THIRD YARMOUTH UNITED BAPTIST CHURCH,Yarmouth,NS,,
THREE RIVERS PASTORAL CHARGE,Bear River,NS,,
TIMBERLEA UNITED BAPTIST CHURCH,Timberlea,NS,,
TIVERTON UNITED BAPTIST CHURCH,Digby Co,NS,,
TORBROOK UNITED BAPTIST CHURCH,Wilmot,NS,,
TRACADIE UNITED BAPTIST CHURCH,Monastery,NS,,
TRINITY (ANGLICAN) CHURCH CORPORATION,Liverpool,NS,,
TRINITY ANGLICAN CHURCH,Digby,NS,,
TRINITY LUTHERAN CHURCH,New Germany Lun Co,NS,,
TRINITY PENTECOSTAL CHURCH,Kingston,NS,902.765.2234,
TRINITY UNITED CHURCH,South Bar,NS,,
TRINITY UNITED CHURCH,Mulgrave,NS,,
TRINITY UNITED CHURCH,Mahone Bay,NS,,
TRINITY UNITED CHURCH,Cambridge Station,NS,,
TRINITY UNITED CHURCH,Canning,NS,,
Trinity United Church,Timberlea,NS,(902) 876-1933,http://www.crossroads-ucc.ca
TRINITY UNITED CHURCH OF CANADA,Riverport,NS,,
TRINITY-ST STEPHEN'S UNITED CHURCH,Amherst,NS,,
TRURO CHRISTIAN FELLOWSHIP CHURCH,Truro,NS,,
TRURO CHURCH OF THE NAZARENE,Truro,NS,,
TRURO HEIGHTS UNITED BAPTIST CHURCH,Truro Heights,NS,902-893-8207,http://www.thubchurch.com
TRURO SEVENTH-DAY ADVENTIST CHURCH,Stewiacke,NS,,
Truro Vineyard Christian Fellowship,Truro,NS,(902) 890-1933,
TRUSTEES OF GUIDING LIGHT BAPTIST CHURCH OF THE MUNICIPALITY OF THE DISTRICT OF BARRINGTON,Shag Harbour-Shelburne,NS,,
UNIACKE UNITED BAPTIST CHURCH,Mount Uniacke,NS,,
UNION CHURCH AT BAKER'S SETTLEMENT,Bridgewater,NS,,
UNION CHURCH OF INDIAN POINT,Mahone Bay,NS,,
UNION PRESBYTERIAN CHURCH,Thorburn,NS,,
UNION PRESBYTERIAN CHURCH,Albert Bridge,NS,,
UNION UNITED CHURCH OF MALAGAWATCH,River Denis,NS,,
UNITED BAPTIST CHURCH OF BRIDGEWATER,Bridgewater,NS,,
UNITED BAPTIST CHURCH OF DIGBY,Digby,NS,,
UNITED CHURCH OF ST PAUL & ST STEPHEN,Kentville,NS,,
UNITED MEMORIAL UNITED CHURCH,Dartmouth,NS,,
UNITED PENTECOSTAL CHURCH,Sydney,NS,,
UNITED PENTECOSTAL CHURCH,Stellarton,NS,,
UNITED PENTECOSTAL CHURCH,Stewiacke,NS,,
UNITED PENTECOSTAL CHURCH,Digby,NS,,
UNITED PENTECOSTAL CHURCH,Dartmouth,NS,,
UNITED PENTECOSTAL CHURCH,Halifax,NS,,
UNITED PENTECOSTAL CHURCH OF GOTTINGEN STREET HALIFAX,Halifax,NS,,
UNITED PENTECOSTAL CHURCH OF YARMOUTH,Yarmouth,NS,,
UPPER LONDONDERRY PASTORAL CHARGE,Debert,NS,,
UPPER STEWIACKE-SPRINGSIDE PASTORAL CHARGE,Colchester Co,NS,,
UPPER VAUGHAN UNITED BAPTIST CHURCH,Windsor,NS,,
VALLEY CORNERSTONE ASSEMBLY,Canning,NS,902.582.7094,
Valleygate Vineyard Christian Fellowship,Port Williams,NS,(902)582-3121,
VICTORIA ROAD UNITED BAPTIST CHURCH,Dartmouth,NS,,
Victoria Vale Baptist Church,Victoria Vale,NS,902-825-2793,
VICTORY BAPTIST CHURCH,Yarmouth Co,NS,,
WALLACE RIVER UNITED BAPTIST CHURCH,Wallace,NS,,
WALLBROOK UNITED BAPTIST CHURCH,Wolfville,NS,,
WARDEN UNITED CHURCH,Glace Bay,NS,,
WATERVIEW PASTORAL CHARGE,Marion Bridge,NS,,
WATERVILLE UNITED BAPTIST CHURCH,Waterville,NS,,
WAVERLEY PASTORAL CHARGE,Lr. Sackville,NS,,
WENTWORTH UNITED BAPTIST CHURCH,Wentworth,NS,,
WENTWORTH UNITED CHURCH,Tatamagouche,NS,,
WESLEY UNITED CHURCH,Hopewell,NS,,
WESLEY UNITED CHURCH,Belmont,NS,,
WESLEY UNITED CHURCH OF CANADA,Rose Bay Lun Co,NS,,
WESLEY-ST MATTHEW S UNITED CHURCH,Pugwash,NS,,
WESLEYAN CHURCH AT SANDFORD,Yarmouth,NS,,
WESLEYAN CHURCH OF HAVELOCK,Weymouth,NS,,
WESLEYAN CHURCH OF PORT MAITLAND,Yarmouth,NS,,
WESLEYAN CHURCH OF WESTCHESTER,Westchester,NS,,
WESLEYAN CHURCH OF YARMOUTH,Yarmouth,NS,,
WESLEYAN CHURCH THE,Amherst,NS,,
WEST BAY PASTORAL CHARGE,Louisdale,NS,,
WEST BROOKLYN UNITED BAPTIST CHURCH,Kentville,NS,,
WEST DALHOUSIE UNITED BAPTIST CHURCH,Anna Co,NS,,
WEST END UNITED BAPTIST CHURCH,Halifax,NS,,
WEST NEW ANNAN UNITED CHURCH,Tatamagouche,NS,,
WESTCHESTER UNITED BAPTIST CHURCH,Westchester Sta Cumb Co,NS,,
WESTERN SHORE UNITED BAPTIST CHURCH,Western Shore,NS,,
Westfied United Baptist Church,Kempt,NS,9025233035,
WESTFIELD UNITED BAPTIST CHURCH,Queens Co,NS,9025233035,
WESTMINSTER BIBLE PRESBYTERIAN CHURCH,Sydney,NS,,
WESTMINSTER CHURCH,New Glasgow,NS,,
WESTMOUNT-LEITCHES CREEK PASTORAL CHARGE,Sydney,NS,,
WESTON CHRISTIAN FELLOWSHIP CHURCH,Berwick,NS,,
WESTPORT UNITED BAPTIST CHURCH,Westport,NS,,
WESTVILLE PASTORAL CHARGE,Westville,NS,,
WEYMOUTH CHURCH OF CHRIST,Weymouth,NS,,
Weymouth Church of Christ,Weymouth,NS,,
Weymouth Church of Christ,Weymouth,NS,,
WHITE ROCK UNITED BAPTIST CHURCH,Wolfville,NS,,
WHYCOCOMAGH-EAST LAKE AINSLIE PASTORAL CHARGE,River Denys,NS,,
WILMOT MOUNTAIN UNITED BAPTIST CHURCH,Paradise Anna Co,NS,,
WINDSOR PLAINS UNITED BAPTIST CHURCH,Windsor,NS,,
WINDSOR UNITED BAPTIST CHURCH,Windsor,NS,(902) 798-2465,
Windsor United Church,Windsor,NS,(902)798-2667,
WITTENBURG UNITED BAPTIST CHURCH,Stewiacke,NS,,
WOLFVILLE PASTORAL CHARGE,Wolfville,NS,,
WOLFVILLE RIDGE UNITED BAPTIST CHURCH,Wolfville,NS,,
WOLFVILLE UNITED BAPTIST CHURCH,Wolfville,NS,,
WOLVILLE MONTHLY MEETING,Wolfville,NS,,
WOODVILLE UNITED BAPTIST CHURCH,New Mina,NS,,
Worldwide Church of God,Sydney,NS,(902) 826-1197,
Worldwide Church of God,Dartmouth,NS,(902) 826-1197,
Worldwide Church of God,Clementsport,NS,(902) 826-1197,
Worldwide Church of God,Yarmouth,NS,(902) 826-1197,
WYNDHOLME CHRISTIAN CHURCH (CHURCH OF CHRIST DISCIPLES),Dartmouth,NS,,
YARMOUTH NORTH UNITED BAPTIST CHURCH,South Ohio,NS,,
YARMOUTH SEVENTH DAY ADVENTIST CHURCH,Tusket,NS,,
YARMOUTH TEMPLE UNITED BAPTIST CHURCH,Yarmouth,NS,,
YARMOUTH ZION UNITED BAPTIST CHURCH,Yarmouth,NS,,
ZION PRESBYTERIAN CHURCH,New Glasgow,NS,,
ZION PRESBYTERIAN CHURCH,Louisbourg,NS,,
ZION UNITED BAPTIST CHURCH,Queens Co.,NS,,
ZION UNITED CHURCH,Gabarus Lake Cb,NS,,
ZION'S LUTHERAN CHURCH,Lunenburg,NS,,
